KernelID,SMnum,Blocknum,BlockID,SMID,Start_time,End_time,Exec_time
KernelID,SMnum,Blocknum,BlockID,SMID,Start_time,End_time,Exec_time
KernelID,SMnum,Blocknum,BlockID,SMID,Start_time,End_time,Exec_time
KernelID,SMnum,Blocknum,BlockID,SMID,Start_time,End_time,Exec_time
KernelID,SMnum,Blocknum,BlockID,SMID,Start_time,End_time,Exec_time
KernelID,SMnum,Blocknum,BlockID,SMID,Start_time,End_time,Exec_time
KernelID,SMnum,Blocknum,BlockID,SMID,Start_time,End_time,Exec_time
KernelID,SMnum,Blocknum,BlockID,SMID,Start_time,End_time,Exec_time
KernelID,SMnum,Blocknum,BlockID,SMID,Start_time,End_time,Exec_time
KernelID,SMnum,Blocknum,BlockID,SMID,Start_time,End_time,Exec_time
KernelID,SMnum,Blocknum,BlockID,SMID,Start_time,End_time,Exec_time
KernelID,SMnum,Blocknum,BlockID,SMID,Start_time,End_time,Exec_time
KernelID,SMnum,Blocknum,BlockID,SMID,Start_time,End_time,Exec_time
KernelID,SMnum,Blocknum,BlockID,SMID,Start_time,End_time,Exec_time
KernelID,SMnum,Blocknum,BlockID,SMID,Start_time,End_time,Exec_time
KernelID,SMnum,Blocknum,BlockID,SMID,Start_time,End_time,Exec_time
KernelID,SMnum,Blocknum,BlockID,SMID,Start_time,End_time,Exec_time
KernelID,SMnum,Blocknum,BlockID,SMID,Start_time,End_time,Exec_time
KernelID,SMnum,Blocknum,BlockID,SMID,Start_time,End_time,Exec_time
KernelID,SMnum,Blocknum,BlockID,SMID,Start_time,End_time,Exec_time
KernelID,SMnum,Blocknum,BlockID,SMID,Start_time,End_time,Exec_time
KernelID,SMnum,Blocknum,BlockID,SMID,Start_time,End_time,Exec_time
KernelID,SMnum,Blocknum,BlockID,SMID,Start_time,End_time,Exec_time
KernelID,SMnum,Blocknum,BlockID,SMID,Start_time,End_time,Exec_time
KernelID,SMnum,Blocknum,BlockID,SMID,Start_time,End_time,Exec_time
KernelID,SMnum,Blocknum,BlockID,SMID,Start_time,End_time,Exec_time
KernelID,SMnum,Blocknum,BlockID,SMID,Start_time,End_time,Exec_time
KernelID,SMnum,Blocknum,BlockID,SMID,Start_time,End_time,Exec_time
KernelID,SMnum,Blocknum,BlockID,SMID,Start_time,End_time,Exec_time
KernelID,SMnum,Blocknum,BlockID,SMID,Start_time,End_time,Exec_time
KernelID,SMnum,Blocknum,BlockID,SMID,Start_time,End_time,Exec_time
KernelID,SMnum,Blocknum,BlockID,SMID,Start_time,End_time,Exec_time
KernelID,SMnum,Blocknum,BlockID,SMID,Start_time,End_time,Exec_time
KernelID,SMnum,Blocknum,BlockID,SMID,Start_time,End_time,Exec_time
KernelID,SMnum,Blocknum,BlockID,SMID,Start_time,End_time,Exec_time
KernelID,SMnum,Blocknum,BlockID,SMID,Start_time,End_time,Exec_time
KernelID,SMnum,Blocknum,BlockID,SMID,Start_time,End_time,Exec_time
KernelID,SMnum,Blocknum,BlockID,SMID,Start_time,End_time,Exec_time
KernelID,SMnum,Blocknum,BlockID,SMID,Start_time,End_time,Exec_time
KernelID,SMnum,Blocknum,BlockID,SMID,Start_time,End_time,Exec_time
KernelID,SMnum,Blocknum,BlockID,SMID,Start_time,End_time,Exec_time
KernelID,SMnum,Blocknum,BlockID,SMID,Start_time,End_time,Exec_time
KernelID,SMnum,Blocknum,BlockID,SMID,Start_time,End_time,Exec_time
KernelID,SMnum,Blocknum,BlockID,SMID,Start_time,End_time,Exec_time
KernelID,SMnum,Blocknum,BlockID,SMID,Start_time,End_time,Exec_time
KernelID,SMnum,Blocknum,BlockID,SMID,Start_time,End_time,Exec_time
KernelID,SMnum,Blocknum,BlockID,SMID,Start_time,End_time,Exec_time
KernelID,SMnum,Blocknum,BlockID,SMID,Start_time,End_time,Exec_time
KernelID,SMnum,Blocknum,BlockID,SMID,Start_time,End_time,Exec_time
KernelID,SMnum,Blocknum,BlockID,SMID,Start_time,End_time,Exec_time
KernelID,SMnum,Blocknum,BlockID,SMID,Start_time,End_time,Exec_time
KernelID,SMnum,Blocknum,BlockID,SMID,Start_time,End_time,Exec_time
KernelID,SMnum,Blocknum,BlockID,SMID,Start_time,End_time,Exec_time
KernelID,SMnum,Blocknum,BlockID,SMID,Start_time,End_time,Exec_time
KernelID,SMnum,Blocknum,BlockID,SMID,Start_time,End_time,Exec_time
KernelID,SMnum,Blocknum,BlockID,SMID,Start_time,End_time,Exec_time
KernelID,SMnum,Blocknum,BlockID,SMID,Start_time,End_time,Exec_time
KernelID,SMnum,Blocknum,BlockID,SMID,Start_time,End_time,Exec_time
KernelID,SMnum,Blocknum,BlockID,SMID,Start_time,End_time,Exec_time
KernelID,SMnum,Blocknum,BlockID,SMID,Start_time,End_time,Exec_time
KernelID,SMnum,Blocknum,BlockID,SMID,Start_time,End_time,Exec_time
KernelID,SMnum,Blocknum,BlockID,SMID,Start_time,End_time,Exec_time
KernelID,SMnum,Blocknum,BlockID,SMID,Start_time,End_time,Exec_time
KernelID,SMnum,Blocknum,BlockID,SMID,Start_time,End_time,Exec_time
KernelID,SMnum,Blocknum,BlockID,SMID,Start_time,End_time,Exec_time
KernelID,SMnum,Blocknum,BlockID,SMID,Start_time,End_time,Exec_time
KernelID,SMnum,Blocknum,BlockID,SMID,Start_time,End_time,Exec_time
KernelID,SMnum,Blocknum,BlockID,SMID,Start_time,End_time,Exec_time
KernelID,SMnum,Blocknum,BlockID,SMID,Start_time,End_time,Exec_time
KernelID,SMnum,Blocknum,BlockID,SMID,Start_time,End_time,Exec_time
KernelID,SMnum,Blocknum,BlockID,SMID,Start_time,End_time,Exec_time
KernelID,SMnum,Blocknum,BlockID,SMID,Start_time,End_time,Exec_time
KernelID,SMnum,Blocknum,BlockID,SMID,Start_time,End_time,Exec_time
KernelID,SMnum,Blocknum,BlockID,SMID,Start_time,End_time,Exec_time
KernelID,SMnum,Blocknum,BlockID,SMID,Start_time,End_time,Exec_time
KernelID,SMnum,Blocknum,BlockID,SMID,Start_time,End_time,Exec_time
KernelID,SMnum,Blocknum,BlockID,SMID,Start_time,End_time,Exec_time
KernelID,SMnum,Blocknum,BlockID,SMID,Start_time,End_time,Exec_time
KernelID,SMnum,Blocknum,BlockID,SMID,Start_time,End_time,Exec_time
KernelID,SMnum,Blocknum,BlockID,SMID,Start_time,End_time,Exec_time
KernelID,SMnum,Blocknum,BlockID,SMID,Start_time,End_time,Exec_time
KernelID,SMnum,Blocknum,BlockID,SMID,Start_time,End_time,Exec_time
KernelID,SMnum,Blocknum,BlockID,SMID,Start_time,End_time,Exec_time
KernelID,SMnum,Blocknum,BlockID,SMID,Start_time,End_time,Exec_time
KernelID,SMnum,Blocknum,BlockID,SMID,Start_time,End_time,Exec_time
KernelID,SMnum,Blocknum,BlockID,SMID,Start_time,End_time,Exec_time
KernelID,SMnum,Blocknum,BlockID,SMID,Start_time,End_time,Exec_time
KernelID,SMnum,Blocknum,BlockID,SMID,Start_time,End_time,Exec_time
KernelID,SMnum,Blocknum,BlockID,SMID,Start_time,End_time,Exec_time
KernelID,SMnum,Blocknum,BlockID,SMID,Start_time,End_time,Exec_time
KernelID,SMnum,Blocknum,BlockID,SMID,Start_time,End_time,Exec_time
KernelID,SMnum,Blocknum,BlockID,SMID,Start_time,End_time,Exec_time
KernelID,SMnum,Blocknum,BlockID,SMID,Start_time,End_time,Exec_time
KernelID,SMnum,Blocknum,BlockID,SMID,Start_time,End_time,Exec_time
KernelID,SMnum,Blocknum,BlockID,SMID,Start_time,End_time,Exec_time
KernelID,SMnum,Blocknum,BlockID,SMID,Start_time,End_time,Exec_time
KernelID,SMnum,Blocknum,BlockID,SMID,Start_time,End_time,Exec_time
KernelID,SMnum,Blocknum,BlockID,SMID,Start_time,End_time,Exec_time
KernelID,SMnum,Blocknum,BlockID,SMID,Start_time,End_time,Exec_time
KernelID,SMnum,Blocknum,BlockID,SMID,Start_time,End_time,Exec_time
KernelID,SMnum,Blocknum,BlockID,SMID,Start_time,End_time,Exec_time
KernelID,SMnum,Blocknum,BlockID,SMID,Start_time,End_time,Exec_time
KernelID,SMnum,Blocknum,BlockID,SMID,Start_time,End_time,Exec_time
KernelID,SMnum,Blocknum,BlockID,SMID,Start_time,End_time,Exec_time
KernelID,SMnum,Blocknum,BlockID,SMID,Start_time,End_time,Exec_time
KernelID,SMnum,Blocknum,BlockID,SMID,Start_time,End_time,Exec_time
KernelID,SMnum,Blocknum,BlockID,SMID,Start_time,End_time,Exec_time
KernelID,SMnum,Blocknum,BlockID,SMID,Start_time,End_time,Exec_time
KernelID,SMnum,Blocknum,BlockID,SMID,Start_time,End_time,Exec_time
KernelID,SMnum,Blocknum,BlockID,SMID,Start_time,End_time,Exec_time
KernelID,SMnum,Blocknum,BlockID,SMID,Start_time,End_time,Exec_time
KernelID,SMnum,Blocknum,BlockID,SMID,Start_time,End_time,Exec_time
KernelID,SMnum,Blocknum,BlockID,SMID,Start_time,End_time,Exec_time
KernelID,SMnum,Blocknum,BlockID,SMID,Start_time,End_time,Exec_time
KernelID,SMnum,Blocknum,BlockID,SMID,Start_time,End_time,Exec_time
KernelID,SMnum,Blocknum,BlockID,SMID,Start_time,End_time,Exec_time
KernelID,SMnum,Blocknum,BlockID,SMID,Start_time,End_time,Exec_time
KernelID,SMnum,Blocknum,BlockID,SMID,Start_time,End_time,Exec_time
KernelID,SMnum,Blocknum,BlockID,SMID,Start_time,End_time,Exec_time
KernelID,SMnum,Blocknum,BlockID,SMID,Start_time,End_time,Exec_time
KernelID,SMnum,Blocknum,BlockID,SMID,Start_time,End_time,Exec_time
KernelID,SMnum,Blocknum,BlockID,SMID,Start_time,End_time,Exec_time
KernelID,SMnum,Blocknum,BlockID,SMID,Start_time,End_time,Exec_time
KernelID,SMnum,Blocknum,BlockID,SMID,Start_time,End_time,Exec_time
KernelID,SMnum,Blocknum,BlockID,SMID,Start_time,End_time,Exec_time
KernelID,SMnum,Blocknum,BlockID,SMID,Start_time,End_time,Exec_time
KernelID,SMnum,Blocknum,BlockID,SMID,Start_time,End_time,Exec_time
KernelID,SMnum,Blocknum,BlockID,SMID,Start_time,End_time,Exec_time
KernelID,SMnum,Blocknum,BlockID,SMID,Start_time,End_time,Exec_time
KernelID,SMnum,Blocknum,BlockID,SMID,Start_time,End_time,Exec_time
KernelID,SMnum,Blocknum,BlockID,SMID,Start_time,End_time,Exec_time
KernelID,SMnum,Blocknum,BlockID,SMID,Start_time,End_time,Exec_time
KernelID,SMnum,Blocknum,BlockID,SMID,Start_time,End_time,Exec_time
KernelID,SMnum,Blocknum,BlockID,SMID,Start_time,End_time,Exec_time
KernelID,SMnum,Blocknum,BlockID,SMID,Start_time,End_time,Exec_time
KernelID,SMnum,Blocknum,BlockID,SMID,Start_time,End_time,Exec_time
KernelID,SMnum,Blocknum,BlockID,SMID,Start_time,End_time,Exec_time
KernelID,SMnum,Blocknum,BlockID,SMID,Start_time,End_time,Exec_time
KernelID,SMnum,Blocknum,BlockID,SMID,Start_time,End_time,Exec_time
KernelID,SMnum,Blocknum,BlockID,SMID,Start_time,End_time,Exec_time
KernelID,SMnum,Blocknum,BlockID,SMID,Start_time,End_time,Exec_time
KernelID,SMnum,Blocknum,BlockID,SMID,Start_time,End_time,Exec_time
KernelID,SMnum,Blocknum,BlockID,SMID,Start_time,End_time,Exec_time
KernelID,SMnum,Blocknum,BlockID,SMID,Start_time,End_time,Exec_time
KernelID,SMnum,Blocknum,BlockID,SMID,Start_time,End_time,Exec_time
KernelID,SMnum,Blocknum,BlockID,SMID,Start_time,End_time,Exec_time
KernelID,SMnum,Blocknum,BlockID,SMID,Start_time,End_time,Exec_time
KernelID,SMnum,Blocknum,BlockID,SMID,Start_time,End_time,Exec_time
KernelID,SMnum,Blocknum,BlockID,SMID,Start_time,End_time,Exec_time
KernelID,SMnum,Blocknum,BlockID,SMID,Start_time,End_time,Exec_time
KernelID,SMnum,Blocknum,BlockID,SMID,Start_time,End_time,Exec_time
KernelID,SMnum,Blocknum,BlockID,SMID,Start_time,End_time,Exec_time
KernelID,SMnum,Blocknum,BlockID,SMID,Start_time,End_time,Exec_time
KernelID,SMnum,Blocknum,BlockID,SMID,Start_time,End_time,Exec_time
KernelID,SMnum,Blocknum,BlockID,SMID,Start_time,End_time,Exec_time
KernelID,SMnum,Blocknum,BlockID,SMID,Start_time,End_time,Exec_time
KernelID,SMnum,Blocknum,BlockID,SMID,Start_time,End_time,Exec_time
KernelID,SMnum,Blocknum,BlockID,SMID,Start_time,End_time,Exec_time
KernelID,SMnum,Blocknum,BlockID,SMID,Start_time,End_time,Exec_time
KernelID,SMnum,Blocknum,BlockID,SMID,Start_time,End_time,Exec_time
KernelID,SMnum,Blocknum,BlockID,SMID,Start_time,End_time,Exec_time
KernelID,SMnum,Blocknum,BlockID,SMID,Start_time,End_time,Exec_time
KernelID,SMnum,Blocknum,BlockID,SMID,Start_time,End_time,Exec_time
KernelID,SMnum,Blocknum,BlockID,SMID,Start_time,End_time,Exec_time
KernelID,SMnum,Blocknum,BlockID,SMID,Start_time,End_time,Exec_time
KernelID,SMnum,Blocknum,BlockID,SMID,Start_time,End_time,Exec_time
KernelID,SMnum,Blocknum,BlockID,SMID,Start_time,End_time,Exec_time
KernelID,SMnum,Blocknum,BlockID,SMID,Start_time,End_time,Exec_time
KernelID,SMnum,Blocknum,BlockID,SMID,Start_time,End_time,Exec_time
KernelID,SMnum,Blocknum,BlockID,SMID,Start_time,End_time,Exec_time
KernelID,SMnum,Blocknum,BlockID,SMID,Start_time,End_time,Exec_time
KernelID,SMnum,Blocknum,BlockID,SMID,Start_time,End_time,Exec_time
KernelID,SMnum,Blocknum,BlockID,SMID,Start_time,End_time,Exec_time
KernelID,SMnum,Blocknum,BlockID,SMID,Start_time,End_time,Exec_time
KernelID,SMnum,Blocknum,BlockID,SMID,Start_time,End_time,Exec_time
KernelID,SMnum,Blocknum,BlockID,SMID,Start_time,End_time,Exec_time
KernelID,SMnum,Blocknum,BlockID,SMID,Start_time,End_time,Exec_time
KernelID,SMnum,Blocknum,BlockID,SMID,Start_time,End_time,Exec_time
KernelID,SMnum,Blocknum,BlockID,SMID,Start_time,End_time,Exec_time
KernelID,SMnum,Blocknum,BlockID,SMID,Start_time,End_time,Exec_time
KernelID,SMnum,Blocknum,BlockID,SMID,Start_time,End_time,Exec_time
KernelID,SMnum,Blocknum,BlockID,SMID,Start_time,End_time,Exec_time
KernelID,SMnum,Blocknum,BlockID,SMID,Start_time,End_time,Exec_time
KernelID,SMnum,Blocknum,BlockID,SMID,Start_time,End_time,Exec_time
KernelID,SMnum,Blocknum,BlockID,SMID,Start_time,End_time,Exec_time
KernelID,SMnum,Blocknum,BlockID,SMID,Start_time,End_time,Exec_time
KernelID,SMnum,Blocknum,BlockID,SMID,Start_time,End_time,Exec_time
KernelID,SMnum,Blocknum,BlockID,SMID,Start_time,End_time,Exec_time
KernelID,SMnum,Blocknum,BlockID,SMID,Start_time,End_time,Exec_time
KernelID,SMnum,Blocknum,BlockID,SMID,Start_time,End_time,Exec_time
KernelID,SMnum,Blocknum,BlockID,SMID,Start_time,End_time,Exec_time
KernelID,SMnum,Blocknum,BlockID,SMID,Start_time,End_time,Exec_time
KernelID,SMnum,Blocknum,BlockID,SMID,Start_time,End_time,Exec_time
KernelID,SMnum,Blocknum,BlockID,SMID,Start_time,End_time,Exec_time
KernelID,SMnum,Blocknum,BlockID,SMID,Start_time,End_time,Exec_time
KernelID,SMnum,Blocknum,BlockID,SMID,Start_time,End_time,Exec_time
KernelID,SMnum,Blocknum,BlockID,SMID,Start_time,End_time,Exec_time
KernelID,SMnum,Blocknum,BlockID,SMID,Start_time,End_time,Exec_time
KernelID,SMnum,Blocknum,BlockID,SMID,Start_time,End_time,Exec_time
KernelID,SMnum,Blocknum,BlockID,SMID,Start_time,End_time,Exec_time
KernelID,SMnum,Blocknum,BlockID,SMID,Start_time,End_time,Exec_time
KernelID,SMnum,Blocknum,BlockID,SMID,Start_time,End_time,Exec_time
KernelID,SMnum,Blocknum,BlockID,SMID,Start_time,End_time,Exec_time
KernelID,SMnum,Blocknum,BlockID,SMID,Start_time,End_time,Exec_time
KernelID,SMnum,Blocknum,BlockID,SMID,Start_time,End_time,Exec_time
KernelID,SMnum,Blocknum,BlockID,SMID,Start_time,End_time,Exec_time
KernelID,SMnum,Blocknum,BlockID,SMID,Start_time,End_time,Exec_time
KernelID,SMnum,Blocknum,BlockID,SMID,Start_time,End_time,Exec_time
KernelID,SMnum,Blocknum,BlockID,SMID,Start_time,End_time,Exec_time
KernelID,SMnum,Blocknum,BlockID,SMID,Start_time,End_time,Exec_time
KernelID,SMnum,Blocknum,BlockID,SMID,Start_time,End_time,Exec_time
KernelID,SMnum,Blocknum,BlockID,SMID,Start_time,End_time,Exec_time
KernelID,SMnum,Blocknum,BlockID,SMID,Start_time,End_time,Exec_time
KernelID,SMnum,Blocknum,BlockID,SMID,Start_time,End_time,Exec_time
KernelID,SMnum,Blocknum,BlockID,SMID,Start_time,End_time,Exec_time
KernelID,SMnum,Blocknum,BlockID,SMID,Start_time,End_time,Exec_time
KernelID,SMnum,Blocknum,BlockID,SMID,Start_time,End_time,Exec_time
KernelID,SMnum,Blocknum,BlockID,SMID,Start_time,End_time,Exec_time
KernelID,SMnum,Blocknum,BlockID,SMID,Start_time,End_time,Exec_time
KernelID,SMnum,Blocknum,BlockID,SMID,Start_time,End_time,Exec_time
KernelID,SMnum,Blocknum,BlockID,SMID,Start_time,End_time,Exec_time
KernelID,SMnum,Blocknum,BlockID,SMID,Start_time,End_time,Exec_time
KernelID,SMnum,Blocknum,BlockID,SMID,Start_time,End_time,Exec_time
KernelID,SMnum,Blocknum,BlockID,SMID,Start_time,End_time,Exec_time
KernelID,SMnum,Blocknum,BlockID,SMID,Start_time,End_time,Exec_time
KernelID,SMnum,Blocknum,BlockID,SMID,Start_time,End_time,Exec_time
KernelID,SMnum,Blocknum,BlockID,SMID,Start_time,End_time,Exec_time
KernelID,SMnum,Blocknum,BlockID,SMID,Start_time,End_time,Exec_time
KernelID,SMnum,Blocknum,BlockID,SMID,Start_time,End_time,Exec_time
KernelID,SMnum,Blocknum,BlockID,SMID,Start_time,End_time,Exec_time
KernelID,SMnum,Blocknum,BlockID,SMID,Start_time,End_time,Exec_time
KernelID,SMnum,Blocknum,BlockID,SMID,Start_time,End_time,Exec_time
KernelID,SMnum,Blocknum,BlockID,SMID,Start_time,End_time,Exec_time
KernelID,SMnum,Blocknum,BlockID,SMID,Start_time,End_time,Exec_time
KernelID,SMnum,Blocknum,BlockID,SMID,Start_time,End_time,Exec_time
KernelID,SMnum,Blocknum,BlockID,SMID,Start_time,End_time,Exec_time
KernelID,SMnum,Blocknum,BlockID,SMID,Start_time,End_time,Exec_time
KernelID,SMnum,Blocknum,BlockID,SMID,Start_time,End_time,Exec_time
KernelID,SMnum,Blocknum,BlockID,SMID,Start_time,End_time,Exec_time
KernelID,SMnum,Blocknum,BlockID,SMID,Start_time,End_time,Exec_time
KernelID,SMnum,Blocknum,BlockID,SMID,Start_time,End_time,Exec_time
KernelID,SMnum,Blocknum,BlockID,SMID,Start_time,End_time,Exec_time
KernelID,SMnum,Blocknum,BlockID,SMID,Start_time,End_time,Exec_time
KernelID,SMnum,Blocknum,BlockID,SMID,Start_time,End_time,Exec_time
KernelID,SMnum,Blocknum,BlockID,SMID,Start_time,End_time,Exec_time
KernelID,SMnum,Blocknum,BlockID,SMID,Start_time,End_time,Exec_time
KernelID,SMnum,Blocknum,BlockID,SMID,Start_time,End_time,Exec_time
KernelID,SMnum,Blocknum,BlockID,SMID,Start_time,End_time,Exec_time
KernelID,SMnum,Blocknum,BlockID,SMID,Start_time,End_time,Exec_time
KernelID,SMnum,Blocknum,BlockID,SMID,Start_time,End_time,Exec_time
KernelID,SMnum,Blocknum,BlockID,SMID,Start_time,End_time,Exec_time
KernelID,SMnum,Blocknum,BlockID,SMID,Start_time,End_time,Exec_time
KernelID,SMnum,Blocknum,BlockID,SMID,Start_time,End_time,Exec_time
KernelID,SMnum,Blocknum,BlockID,SMID,Start_time,End_time,Exec_time
KernelID,SMnum,Blocknum,BlockID,SMID,Start_time,End_time,Exec_time
KernelID,SMnum,Blocknum,BlockID,SMID,Start_time,End_time,Exec_time
